[
  {
    "name": "Mexico",
    "code": "MX",
    "states": [
      { "name": "Aguascalientes", "code": "AGU" },
      { "name": "Baja California", "code": "BCN" },
      { "name": "Baja California Sur", "code": "BCS" },
      { "name": "Campeche", "code": "CAM" },
      { "name": "Chiapas", "code": "CHP" },
      { "name": "Chihuahua", "code": "CHH" },
      { "name": "Coahuila", "code": "COA" },
      { "name": "Colima", "code": "COL" },
      { "name": "Durango", "code": "DUR" },
      { "name": "Guanajuato", "code": "GUA" },
      { "name": "Guerrero", "code": "GRO" },
      { "name": "Hidalgo", "code": "HID" },
      { "name": "Jalisco", "code": "JAL" },
      { "name": "CDMX", "code": "CMX" },
      { "name": "Michoacan", "code": "MIC" },
      { "name": "Morelos", "code": "MOR" },
      { "name": "Nayarit", "code": "NAY" },
      { "name": "Nuevo Leon", "code": "NLE" },
      { "name": "Oaxaca", "code": "OAX" },
      { "name": "Puebla", "code": "PUE" },
      { "name": "Queretaro", "code": "QUE" },
      { "name": "Quintana Roo", "code": "ROO" },
      { "name": "San Luis Potosi", "code": "SLP" },
      { "name": "Sinaloa", "code": "SIN" },
      { "name": "Sonora", "code": "SON" },
      { "name": "Tabasco", "code": "TAB" },
      { "name": "Tamaulipas", "code": "TAM" },
      { "name": "Tlaxcala", "code": "TLA" },
      { "name": "Veracruz", "code": "VER" },
      { "name": "Yucatan", "code": "YUC" },
      { "name": "Zacatecas", "code": "ZAC" }
    ]
  },
  {
    "name": "United States",
    "code": "US",
    "states": [
      { "name": "Alabama", "code": "AL" },
      { "name": "Alaska", "code": "AK" },
      { "name": "Arizona", "code": "AZ" },
      { "name": "Arkansas", "code": "AR" },
      { "name": "California", "code": "CA" },
      { "name": "Colorado", "code": "CO" },
      { "name": "Connecticut", "code": "CT" },
      { "name": "Delaware", "code": "DE" },
      { "name": "Florida", "code": "FL" },
      { "name": "Georgia", "code": "GA" },
      { "name": "Hawaii", "code": "HI" },
      { "name": "Idaho", "code": "ID" },
      { "name": "Illinois", "code": "IL" },
      { "name": "Indiana", "code": "IN" },
      { "name": "Iowa", "code": "IA" },
      { "name": "Kansas", "code": "KS" },
      { "name": "Kentucky", "code": "KY" },
      { "name": "Louisiana", "code": "LA" },
      { "name": "Maine", "code": "ME" },
      { "name": "Maryland", "code": "MD" },
      { "name": "Massachusetts", "code": "MA" },
      { "name": "Michigan", "code": "MI" },
      { "name": "Minnesota", "code": "MN" },
      { "name": "Mississippi", "code": "MS" },
      { "name": "Missouri", "code": "MO" },
      { "name": "Montana", "code": "MT" },
      { "name": "Nebraska", "code": "NE" },
      { "name": "Nevada", "code": "NV" },
      { "name": "New Hampshire", "code": "NH" },
      { "name": "New Jersey", "code": "NJ" },
      { "name": "New Mexico", "code": "NM" },
      { "name": "New York", "code": "NY" },
      { "name": "North Carolina", "code": "NC" },
      { "name": "North Dakota", "code": "ND" },
      { "name": "Ohio", "code": "OH" },
      { "name": "Oklahoma", "code": "OK" },
      { "name": "Oregon", "code": "OR" },
      { "name": "Pennsylvania", "code": "PA" },
      { "name": "Rhode Island", "code": "RI" },
      { "name": "South Carolina", "code": "SC" },
      { "name": "South Dakota", "code": "SD" },
      { "name": "Tennessee", "code": "TN" },
      { "name": "Texas", "code": "TX" },
      { "name": "Utah", "code": "UT" },
      { "name": "Vermont", "code": "VT" },
      { "name": "Virginia", "code": "VA" },
      { "name": "Washington", "code": "WA" },
      { "name": "West Virginia", "code": "WV" },
      { "name": "Wisconsin", "code": "WI" },
      { "name": "Wyoming", "code": "WY" }
    ]
  },
  {
    "name": "Canada",
    "code": "CA",
    "states": [
      { "name": "Alberta", "code": "AB" },
      { "name": "British Columbia", "code": "BC" },
      { "name": "Manitoba", "code": "MB" },
      { "name": "New Brunswick", "code": "NB" },
      { "name": "Newfoundland and Labrador", "code": "NL" },
      { "name": "Northwest Territories", "code": "NT" },
      { "name": "Nova Scotia", "code": "NS" },
      { "name": "Nunavut", "code": "NU" },
      { "name": "Ontario", "code": "ON" },
      { "name": "Prince Edward Island", "code": "PE" },
      { "name": "Quebec", "code": "QC" },
      { "name": "Saskatchewan", "code": "SK" },
      { "name": "Yukon", "code": "YT" }
    ]
  },
  {
    "name": "United Kingdom",
    "code": "GB",
    "states": [
      { "name": "England", "code": "ENG" },
      { "name": "Scotland", "code": "SCT" },
      { "name": "Wales", "code": "WLS" },
      { "name": "Northern Ireland", "code": "NIR" }
    ]
  },
  {
    "name": "Germany",
    "code": "DE",
    "states": [
      { "name": "Baden-Württemberg", "code": "BW" },
      { "name": "Bavaria", "code": "BY" },
      { "name": "Berlin", "code": "BE" },
      { "name": "Brandenburg", "code": "BB" },
      { "name": "Bremen", "code": "HB" },
      { "name": "Hamburg", "code": "HH" },
      { "name": "Hesse", "code": "HE" },
      { "name": "Lower Saxony", "code": "NI" },
      { "name": "Mecklenburg-Vorpommern", "code": "MV" },
      { "name": "North Rhine-Westphalia", "code": "NW" },
      { "name": "Rhineland-Palatinate", "code": "RP" },
      { "name": "Saarland", "code": "SL" },
      { "name": "Saxony", "code": "SN" },
      { "name": "Saxony-Anhalt", "code": "ST" },
      { "name": "Schleswig-Holstein", "code": "SH" },
      { "name": "Thuringia", "code": "TH" }
    ]
  },
  {
    "name": "France",
    "code": "FR",
    "states": [
      { "name": "Île-de-France", "code": "IDF" },
      { "name": "Provence-Alpes-Côte d'Azur", "code": "PAC" },
      { "name": "Auvergne-Rhône-Alpes", "code": "ARA" },
      { "name": "Nouvelle-Aquitaine", "code": "NAQ" },
      { "name": "Occitanie", "code": "OCC" },
      { "name": "Hauts-de-France", "code": "HDF" },
      { "name": "Normandy", "code": "NOR" },
      { "name": "Grand Est", "code": "GES" },
      { "name": "Pays de la Loire", "code": "PDL" },
      { "name": "Brittany", "code": "BRE" },
      { "name": "Bourgogne-Franche-Comté", "code": "BFC" },
      { "name": "Centre-Val de Loire", "code": "CVL" },
      { "name": "Corsica", "code": "COR" }
    ]
  },
  {
    "name": "Spain",
    "code": "ES",
    "states": [
      { "name": "Andalusia", "code": "AN" },
      { "name": "Aragon", "code": "AR" },
      { "name": "Asturias", "code": "AS" },
      { "name": "Balearic Islands", "code": "IB" },
      { "name": "Basque Country", "code": "PV" },
      { "name": "Canary Islands", "code": "CN" },
      { "name": "Cantabria", "code": "CB" },
      { "name": "Castile and León", "code": "CL" },
      { "name": "Castile-La Mancha", "code": "CM" },
      { "name": "Catalonia", "code": "CT" },
      { "name": "Extremadura", "code": "EX" },
      { "name": "Galicia", "code": "GA" },
      { "name": "La Rioja", "code": "RI" },
      { "name": "Madrid", "code": "MD" },
      { "name": "Murcia", "code": "MC" },
      { "name": "Navarre", "code": "NC" },
      { "name": "Valencia", "code": "VC" }
    ]
  },
  {
    "name": "Italy",
    "code": "IT",
    "states": [
      { "name": "Abruzzo", "code": "ABR" },
      { "name": "Basilicata", "code": "BAS" },
      { "name": "Calabria", "code": "CAL" },
      { "name": "Campania", "code": "CAM" },
      { "name": "Emilia-Romagna", "code": "EMR" },
      { "name": "Friuli-Venezia Giulia", "code": "FVG" },
      { "name": "Lazio", "code": "LAZ" },
      { "name": "Liguria", "code": "LIG" },
      { "name": "Lombardy", "code": "LOM" },
      { "name": "Marche", "code": "MAR" },
      { "name": "Molise", "code": "MOL" },
      { "name": "Piedmont", "code": "PIE" },
      { "name": "Apulia", "code": "PUG" },
      { "name": "Sardinia", "code": "SAR" },
      { "name": "Sicily", "code": "SIC" },
      { "name": "Tuscany", "code": "TOS" },
      { "name": "Trentino-Alto Adige", "code": "TAA" },
      { "name": "Umbria", "code": "UMB" },
      { "name": "Veneto", "code": "VEN" },
      { "name": "Aosta Valley", "code": "VDA" }
    ]
  },
  {
    "name": "Brazil",
    "code": "BR",
    "states": [
      { "name": "Acre", "code": "AC" },
      { "name": "Alagoas", "code": "AL" },
      { "name": "Amapá", "code": "AP" },
      { "name": "Amazonas", "code": "AM" },
      { "name": "Bahia", "code": "BA" },
      { "name": "Ceará", "code": "CE" },
      { "name": "Distrito Federal", "code": "DF" },
      { "name": "Espírito Santo", "code": "ES" },
      { "name": "Goiás", "code": "GO" },
      { "name": "Maranhão", "code": "MA" },
      { "name": "Mato Grosso", "code": "MT" },
      { "name": "Mato Grosso do Sul", "code": "MS" },
      { "name": "Minas Gerais", "code": "MG" },
      { "name": "Pará", "code": "PA" },
      { "name": "Paraíba", "code": "PB" },
      { "name": "Paraná", "code": "PR" },
      { "name": "Pernambuco", "code": "PE" },
      { "name": "Piauí", "code": "PI" },
      { "name": "Rio de Janeiro", "code": "RJ" },
      { "name": "Rio Grande do Norte", "code": "RN" },
      { "name": "Rio Grande do Sul", "code": "RS" },
      { "name": "Rondônia", "code": "RO" },
      { "name": "Roraima", "code": "RR" },
      { "name": "Santa Catarina", "code": "SC" },
      { "name": "São Paulo", "code": "SP" },
      { "name": "Sergipe", "code": "SE" },
      { "name": "Tocantins", "code": "TO" }
    ]
  },
  {
    "name": "Argentina",
    "code": "AR",
    "states": [
      { "name": "Buenos Aires", "code": "BA" },
      { "name": "Catamarca", "code": "CA" },
      { "name": "Chaco", "code": "CC" },
      { "name": "Chubut", "code": "CH" },
      { "name": "Córdoba", "code": "CB" },
      { "name": "Corrientes", "code": "CN" },
      { "name": "Entre Ríos", "code": "ER" },
      { "name": "Formosa", "code": "FO" },
      { "name": "Jujuy", "code": "JY" },
      { "name": "La Pampa", "code": "LP" },
      { "name": "La Rioja", "code": "LR" },
      { "name": "Mendoza", "code": "MZ" },
      { "name": "Misiones", "code": "MI" },
      { "name": "Neuquén", "code": "NQ" },
      { "name": "Río Negro", "code": "RN" },
      { "name": "Salta", "code": "SA" },
      { "name": "San Juan", "code": "SJ" },
      { "name": "San Luis", "code": "SL" },
      { "name": "Santa Cruz", "code": "SC" },
      { "name": "Santa Fe", "code": "SF" },
      { "name": "Santiago del Estero", "code": "SE" },
      { "name": "Tierra del Fuego", "code": "TF" },
      { "name": "Tucumán", "code": "TM" }
    ]
  },
  {
    "name": "Colombia",
    "code": "CO",
    "states": [
      { "name": "Amazonas", "code": "AMA" },
      { "name": "Antioquia", "code": "ANT" },
      { "name": "Arauca", "code": "ARA" },
      { "name": "Atlántico", "code": "ATL" },
      { "name": "Bolívar", "code": "BOL" },
      { "name": "Boyacá", "code": "BOY" },
      { "name": "Caldas", "code": "CAL" },
      { "name": "Caquetá", "code": "CAQ" },
      { "name": "Casanare", "code": "CAS" },
      { "name": "Cauca", "code": "CAU" },
      { "name": "Cesar", "code": "CES" },
      { "name": "Chocó", "code": "CHO" },
      { "name": "Córdoba", "code": "COR" },
      { "name": "Cundinamarca", "code": "CUN" },
      { "name": "Guainía", "code": "GUA" },
      { "name": "Guaviare", "code": "GUV" },
      { "name": "Huila", "code": "HUI" },
      { "name": "La Guajira", "code": "LAG" },
      { "name": "Magdalena", "code": "MAG" },
      { "name": "Meta", "code": "MET" },
      { "name": "Nariño", "code": "NAR" },
      { "name": "Norte de Santander", "code": "NSA" },
      { "name": "Putumayo", "code": "PUT" },
      { "name": "Quindío", "code": "QUI" },
      { "name": "Risaralda", "code": "RIS" },
      { "name": "San Andrés y Providencia", "code": "SAP" },
      { "name": "Santander", "code": "SAN" },
      { "name": "Sucre", "code": "SUC" },
      { "name": "Tolima", "code": "TOL" },
      { "name": "Valle del Cauca", "code": "VAC" },
      { "name": "Vaupés", "code": "VAU" },
      { "name": "Vichada", "code": "VID" }
    ]
  },
  {
    "name": "Chile",
    "code": "CL",
    "states": [
      { "name": "Arica y Parinacota", "code": "AP" },
      { "name": "Tarapacá", "code": "TA" },
      { "name": "Antofagasta", "code": "AN" },
      { "name": "Atacama", "code": "AT" },
      { "name": "Coquimbo", "code": "CO" },
      { "name": "Valparaíso", "code": "VS" },
      { "name": "Metropolitana de Santiago", "code": "RM" },
      { "name": "Libertador General Bernardo O'Higgins", "code": "LI" },
      { "name": "Maule", "code": "ML" },
      { "name": "Ñuble", "code": "NB" },
      { "name": "Biobío", "code": "BI" },
      { "name": "La Araucanía", "code": "AR" },
      { "name": "Los Ríos", "code": "LR" },
      { "name": "Los Lagos", "code": "LL" },
      { "name": "Aysén", "code": "AI" },
      { "name": "Magallanes", "code": "MA" }
    ]
  },
  {
    "name": "Australia",
    "code": "AU",
    "states": [
      { "name": "New South Wales", "code": "NSW" },
      { "name": "Queensland", "code": "QLD" },
      { "name": "South Australia", "code": "SA" },
      { "name": "Tasmania", "code": "TAS" },
      { "name": "Victoria", "code": "VIC" },
      { "name": "Western Australia", "code": "WA" },
      { "name": "Australian Capital Territory", "code": "ACT" },
      { "name": "Northern Territory", "code": "NT" }
    ]
  },
  {
    "name": "Japan",
    "code": "JP",
    "states": [
      { "name": "Hokkaido", "code": "01" },
      { "name": "Aomori", "code": "02" },
      { "name": "Iwate", "code": "03" },
      { "name": "Miyagi", "code": "04" },
      { "name": "Akita", "code": "05" },
      { "name": "Yamagata", "code": "06" },
      { "name": "Fukushima", "code": "07" },
      { "name": "Ibaraki", "code": "08" },
      { "name": "Tochigi", "code": "09" },
      { "name": "Gunma", "code": "10" },
      { "name": "Saitama", "code": "11" },
      { "name": "Chiba", "code": "12" },
      { "name": "Tokyo", "code": "13" },
      { "name": "Kanagawa", "code": "14" },
      { "name": "Niigata", "code": "15" },
      { "name": "Toyama", "code": "16" },
      { "name": "Ishikawa", "code": "17" },
      { "name": "Fukui", "code": "18" },
      { "name": "Yamanashi", "code": "19" },
      { "name": "Nagano", "code": "20" },
      { "name": "Gifu", "code": "21" },
      { "name": "Shizuoka", "code": "22" },
      { "name": "Aichi", "code": "23" },
      { "name": "Mie", "code": "24" },
      { "name": "Shiga", "code": "25" },
      { "name": "Kyoto", "code": "26" },
      { "name": "Osaka", "code": "27" },
      { "name": "Hyogo", "code": "28" },
      { "name": "Nara", "code": "29" },
      { "name": "Wakayama", "code": "30" },
      { "name": "Tottori", "code": "31" },
      { "name": "Shimane", "code": "32" },
      { "name": "Okayama", "code": "33" },
      { "name": "Hiroshima", "code": "34" },
      { "name": "Yamaguchi", "code": "35" },
      { "name": "Tokushima", "code": "36" },
      { "name": "Kagawa", "code": "37" },
      { "name": "Ehime", "code": "38" },
      { "name": "Kochi", "code": "39" },
      { "name": "Fukuoka", "code": "40" },
      { "name": "Saga", "code": "41" },
      { "name": "Nagasaki", "code": "42" },
      { "name": "Kumamoto", "code": "43" },
      { "name": "Oita", "code": "44" },
      { "name": "Miyazaki", "code": "45" },
      { "name": "Kagoshima", "code": "46" },
      { "name": "Okinawa", "code": "47" }
    ]
  },
  {
    "name": "China",
    "code": "CN",
    "states": [
      { "name": "Beijing", "code": "BJ" },
      { "name": "Tianjin", "code": "TJ" },
      { "name": "Hebei", "code": "HE" },
      { "name": "Shanxi", "code": "SX" },
      { "name": "Inner Mongolia", "code": "NM" },
      { "name": "Liaoning", "code": "LN" },
      { "name": "Jilin", "code": "JL" },
      { "name": "Heilongjiang", "code": "HL" },
      { "name": "Shanghai", "code": "SH" },
      { "name": "Jiangsu", "code": "JS" },
      { "name": "Zhejiang", "code": "ZJ" },
      { "name": "Anhui", "code": "AH" },
      { "name": "Fujian", "code": "FJ" },
      { "name": "Jiangxi", "code": "JX" },
      { "name": "Shandong", "code": "SD" },
      { "name": "Henan", "code": "HA" },
      { "name": "Hubei", "code": "HB" },
      { "name": "Hunan", "code": "HN" },
      { "name": "Guangdong", "code": "GD" },
      { "name": "Guangxi", "code": "GX" },
      { "name": "Hainan", "code": "HI" },
      { "name": "Chongqing", "code": "CQ" },
      { "name": "Sichuan", "code": "SC" },
      { "name": "Guizhou", "code": "GZ" },
      { "name": "Yunnan", "code": "YN" },
      { "name": "Tibet", "code": "XZ" },
      { "name": "Shaanxi", "code": "SN" },
      { "name": "Gansu", "code": "GS" },
      { "name": "Qinghai", "code": "QH" },
      { "name": "Ningxia", "code": "NX" },
      { "name": "Xinjiang", "code": "XJ" },
      { "name": "Hong Kong", "code": "HK" },
      { "name": "Macau", "code": "MO" }
    ]
  },
  {
    "name": "India",
    "code": "IN",
    "states": [
      { "name": "Andhra Pradesh", "code": "AP" },
      { "name": "Arunachal Pradesh", "code": "AR" },
      { "name": "Assam", "code": "AS" },
      { "name": "Bihar", "code": "BR" },
      { "name": "Chhattisgarh", "code": "CT" },
      { "name": "Goa", "code": "GA" },
      { "name": "Gujarat", "code": "GJ" },
      { "name": "Haryana", "code": "HR" },
      { "name": "Himachal Pradesh", "code": "HP" },
      { "name": "Jharkhand", "code": "JH" },
      { "name": "Karnataka", "code": "KA" },
      { "name": "Kerala", "code": "KL" },
      { "name": "Madhya Pradesh", "code": "MP" },
      { "name": "Maharashtra", "code": "MH" },
      { "name": "Manipur", "code": "MN" },
      { "name": "Meghalaya", "code": "ML" },
      { "name": "Mizoram", "code": "MZ" },
      { "name": "Nagaland", "code": "NL" },
      { "name": "Odisha", "code": "OR" },
      { "name": "Punjab", "code": "PB" },
      { "name": "Rajasthan", "code": "RJ" },
      { "name": "Sikkim", "code": "SK" },
      { "name": "Tamil Nadu", "code": "TN" },
      { "name": "Telangana", "code": "TG" },
      { "name": "Tripura", "code": "TR" },
      { "name": "Uttar Pradesh", "code": "UP" },
      { "name": "Uttarakhand", "code": "UT" },
      { "name": "West Bengal", "code": "WB" },
      { "name": "Delhi", "code": "DL" }
    ]
  },
  {
    "name": "South Korea",
    "code": "KR",
    "states": [
      { "name": "Seoul", "code": "11" },
      { "name": "Busan", "code": "26" },
      { "name": "Daegu", "code": "27" },
      { "name": "Incheon", "code": "28" },
      { "name": "Gwangju", "code": "29" },
      { "name": "Daejeon", "code": "30" },
      { "name": "Ulsan", "code": "31" },
      { "name": "Sejong", "code": "50" },
      { "name": "Gyeonggi", "code": "41" },
      { "name": "Gangwon", "code": "42" },
      { "name": "North Chungcheong", "code": "43" },
      { "name": "South Chungcheong", "code": "44" },
      { "name": "North Jeolla", "code": "45" },
      { "name": "South Jeolla", "code": "46" },
      { "name": "North Gyeongsang", "code": "47" },
      { "name": "South Gyeongsang", "code": "48" },
      { "name": "Jeju", "code": "49" }
    ]
  },
  {
    "name": "Netherlands",
    "code": "NL",
    "states": [
      { "name": "Drenthe", "code": "DR" },
      { "name": "Flevoland", "code": "FL" },
      { "name": "Friesland", "code": "FR" },
      { "name": "Gelderland", "code": "GE" },
      { "name": "Groningen", "code": "GR" },
      { "name": "Limburg", "code": "LI" },
      { "name": "North Brabant", "code": "NB" },
      { "name": "North Holland", "code": "NH" },
      { "name": "Overijssel", "code": "OV" },
      { "name": "South Holland", "code": "ZH" },
      { "name": "Utrecht", "code": "UT" },
      { "name": "Zeeland", "code": "ZE" }
    ]
  },
  {
    "name": "Sweden",
    "code": "SE",
    "states": [
      { "name": "Stockholm", "code": "AB" },
      { "name": "Västra Götaland", "code": "O" },
      { "name": "Skåne", "code": "M" },
      { "name": "Östergötland", "code": "E" },
      { "name": "Uppsala", "code": "C" },
      { "name": "Halland", "code": "N" },
      { "name": "Södermanland", "code": "D" },
      { "name": "Jönköping", "code": "F" },
      { "name": "Örebro", "code": "T" },
      { "name": "Kronoberg", "code": "G" },
      { "name": "Kalmar", "code": "H" },
      { "name": "Värmland", "code": "S" },
      { "name": "Dalarna", "code": "W" },
      { "name": "Gävleborg", "code": "X" },
      { "name": "Västernorrland", "code": "Y" },
      { "name": "Jämtland", "code": "Z" },
      { "name": "Västerbotten", "code": "AC" },
      { "name": "Norrbotten", "code": "BD" },
      { "name": "Gotland", "code": "I" },
      { "name": "Blekinge", "code": "K" },
      { "name": "Västmanland", "code": "U" }
    ]
  },
  {
    "name": "Poland",
    "code": "PL",
    "states": [
      { "name": "Greater Poland", "code": "WP" },
      { "name": "Kuyavian-Pomeranian", "code": "KP" },
      { "name": "Lesser Poland", "code": "MA" },
      { "name": "Łódź", "code": "LD" },
      { "name": "Lower Silesian", "code": "DS" },
      { "name": "Lublin", "code": "LU" },
      { "name": "Lubusz", "code": "LB" },
      { "name": "Masovian", "code": "MZ" },
      { "name": "Opole", "code": "OP" },
      { "name": "Podkarpackie", "code": "PK" },
      { "name": "Podlaskie", "code": "PD" },
      { "name": "Pomeranian", "code": "PM" },
      { "name": "Silesian", "code": "SL" },
      { "name": "Świętokrzyskie", "code": "SK" },
      { "name": "Warmian-Masurian", "code": "WN" },
      { "name": "West Pomeranian", "code": "ZP" }
    ]
  },
  {
    "name": "Portugal",
    "code": "PT",
    "states": [
      { "name": "Aveiro", "code": "01" },
      { "name": "Beja", "code": "02" },
      { "name": "Braga", "code": "03" },
      { "name": "Bragança", "code": "04" },
      { "name": "Castelo Branco", "code": "05" },
      { "name": "Coimbra", "code": "06" },
      { "name": "Évora", "code": "07" },
      { "name": "Faro", "code": "08" },
      { "name": "Guarda", "code": "09" },
      { "name": "Leiria", "code": "10" },
      { "name": "Lisbon", "code": "11" },
      { "name": "Portalegre", "code": "12" },
      { "name": "Porto", "code": "13" },
      { "name": "Santarém", "code": "14" },
      { "name": "Setúbal", "code": "15" },
      { "name": "Viana do Castelo", "code": "16" },
      { "name": "Vila Real", "code": "17" },
      { "name": "Viseu", "code": "18" },
      { "name": "Azores", "code": "20" },
      { "name": "Madeira", "code": "30" }
    ]
  }
]
